A Bar Song (Tipsy),Shaboozey
A Bar Song (Tipsy),Shaboozey
A Bar Song (Tipsy),Shaboozey
A Bar Song (Tipsy),Shaboozey
A Bar Song (Tipsy),Shaboozey
A Bar Song (Tipsy),Shaboozey
A Bar Song (Tipsy),Shaboozey
Clocks,Coldplay
Paradise,Coldplay
One Dance,Drake
Clocks,Coldplay
A Bar Song (Tipsy),Shaboozey
Clocks,Coldplay
Clocks,Coldplay
Clocks,Coldplay
Clocks,Coldplay
Clocks,Coldplay
Clocks,Coldplay
Clocks,Coldplay
Clocks,Coldplay
Clocks,Coldplay
Clocks,Coldplay
Clocks,Coldplay
Clocks,Coldplay
Viva La Vida,Coldplay
Yellow,Coldplay
Paradise,Coldplay
Clocks,Coldplay
Clocks,Coldplay
Espresso,Sabrina Carpenter
Espresso,Sabrina Carpenter
Thick Of It (feat. Trippie Redd),KSI
Thick Of It (feat. Trippie Redd),KSI
I'm Still Standing,Elton John
Chocolate,The 1975
She Knows (feat. Amber Coffman & Cults),J. Cole
Trance (with Travis Scott & Young Thug),Metro Boomin
Jonesboro,Young Thug
Otis,JAY-Z
Otis,JAY-Z
Otis,JAY-Z
Jonesboro,Young Thug
Otis,JAY-Z
Otis,JAY-Z
Jonesboro,Young Thug
Jonesboro,Young Thug
GATTI,JACKBOYS
Please Please Please,Sabrina Carpenter
GATTI,JACKBOYS
Please Please Please,Sabrina Carpenter
GATTI,JACKBOYS
GATTI,JACKBOYS
Please Please Please,Sabrina Carpenter
Please Please Please,Sabrina Carpenter
Please Please Please,Sabrina Carpenter
Please Please Please,Sabrina Carpenter
Please Please Please,Sabrina Carpenter
Please Please Please,Sabrina Carpenter
A Bar Song (Tipsy),Shaboozey
Ice Melts,Drake
Last Christmas,Wham!
Chocolate,The 1975
Thick Of It (feat. Trippie Redd),KSI
A Bar Song (Tipsy),Shaboozey
Last Christmas,Wham!
A Bar Song (Tipsy),Shaboozey
HOT TO GO!,Chappell Roan
Down By The River,Milky Chance
All I Want for Christmas Is You,Mariah Carey
All I Want for Christmas Is You,Mariah Carey
All I Want for Christmas Is You,Mariah Carey
A Bar Song (Tipsy),Shaboozey
B.O.T.A. (Baddest Of Them All) - Edit,Eliza Rose
Do I Wanna Know?,Arctic Monkeys
Stick Season,Noah Kahan
Clocks,Coldplay
Stick Season,Noah Kahan
Stick Season,Noah Kahan
Stick Season,Noah Kahan
Stick Season,Noah Kahan
Stick Season,Noah Kahan
Clocks,Coldplay
Clocks,Coldplay
Stick Season,Noah Kahan
A Bar Song (Tipsy),Shaboozey
